Complexity,Loss,Equation
1,7.7903843,"4.122626"
2,1.0,"square(x)"
4,3.240075e-14,"square(x) + 1.0"
7,3.012701e-14,"((x * x) + 0.083781235) - -0.91621876"
